{
  "train_loss": [
    0.5065124963338559,
    0.37077294655430776,
    0.3414581317024735,
    0.3155142030177208,
    0.31074419674965054,
    0.3058876201080588,
    0.3189431433924116,
    0.3055549099181707,
    0.30232150480151176,
    0.2970588172141176,
    0.2901598308235407,
    0.28545005110880506,
    0.28804052241433126,
    0.28886498525165594,
    0.27830552510344064
  ],
  "val_loss": [
    0.7525381333298153,
    0.6857406040032704,
    0.6806425150897768,
    0.6568516032563315,
    0.6451229797469245,
    0.6418721857998106,
    0.6440573950608571,
    0.6362856835126877,
    0.6227628234359953,
    0.620979834596316,
    0.6100018918514252,
    0.6094734244876437,
    0.6105535113149219,
    0.608479819364018,
    0.6096577419175042
  ],
  "val_acc": [
    0.8832630098452883,
    0.9409282700421941,
    0.9437412095639943,
    0.9549929676511955,
    0.9648382559774965,
    0.9676511954992968,
    0.960618846694796,
    0.960618846694796,
    0.9746835443037974,
    0.9746835443037974,
    0.9789029535864979,
    0.9789029535864979,
    0.9746835443037974,
    0.980309423347398,
    0.9789029535864979
  ]
}